2019-04-26_16-31-47,episodes,1,avg_step,139.00,avg_reward,13.10,Epsilon,0.32,Explored %,0.000%
,ScanSlice,12,StateSlice,3,LaunchNums,3,ALPHA,0.42,GAMMA,0.58,SLEEP_TIME,0.05,ActionNums,9
,angularSpeed,1.28,linearSpeed,0.32,,OLD_DATA,Err
,Crush thre,0.26,Sensing thre,0.72,1.2

,,State_om,State_dist,Action 0,Action 1,Action 2,Action 3,Action 4,Action 5,Action 6,Action 7,Action 8,Action Taken 0,A T 1,A T 2,A T 3,A T 4,A T 5,A T 6,A T 7,A T 8
,state,0.0,0.0,-0.00869,-0.00988,-0.00136,0.0745,-0.00347,-0.00517,-0.0013,-0.00726,0.21245,0.0,8.0,0.0,1.0,0.0,0.0,0.0,0.0,7.0
,state,0.0,4.0,-0.0506,-0.02194,-0.00835,-0.00455,-0.00541,-0.00494,-0.00522,-0.00838,-0.03045,1.0,1.0,0.0,0.0,0.0,0.0,0.0,0.0,1.0
,state,0.0,20.0,-0.00447,-0.00185,-0.00666,-0.0029,-0.001,0.07008,0.15603,-0.00304,-0.00052,0.0,0.0,0.0,0.0,0.0,1.0,6.0,0.0,0.0
,state,1.0,0.0,0.0889,0.05946,0.0,0.12956,0.2312,0.18098,0.14541,0.0,0.19238,1.0,1.0,0.0,3.0,37.0,3.0,2.0,0.0,4.0
,state,1.0,4.0,-0.00416,0.04135,-0.00727,-0.00464,-0.00521,-0.00757,-0.0063,-0.00164,-0.00379,0.0,1.0,0.0,0.0,0.0,0.0,0.0,0.0,0.0
,state,1.0,20.0,-0.00589,-0.00431,-0.00798,-0.00471,0.18487,0.05471,0.08657,-0.00492,0.06196,0.0,0.0,0.0,0.0,5.0,1.0,1.0,0.0,1.0
,state,2.0,0.0,-0.0053,0.05028,-0.00329,0.23099,-0.00625,0.09531,-0.00914,0.18205,-0.00921,0.0,1.0,0.0,16.0,0.0,1.0,0.0,4.0,0.0
,state,2.0,4.0,-0.00316,-0.00453,-0.00689,0.3081,-0.00373,-0.0036,-0.00984,-0.00538,-0.00529,0.0,0.0,0.0,2.0,0.0,0.0,0.0,0.0,0.0
,state,2.0,20.0,-0.0067,0.16663,-0.00223,0.06218,0.13114,0.24608,0.26107,0.07872,-0.00491,0.0,1.0,0.0,1.0,2.0,20.0,3.0,1.0,0.0
