2019-04-26_16-45-22,episodes,1,avg_step,34.00,avg_reward,0.12,Epsilon,0.32,Explored %,0.000%
,ScanSlice,12,StateSlice,3,LaunchNums,3,ALPHA,0.42,GAMMA,0.58,SLEEP_TIME,0.05,ActionNums,9
,angularSpeed,1.28,linearSpeed,0.32,,OLD_DATA,Err
,Crush thre,0.26,Sensing thre,0.72,1.2

,,State_om,State_dist,Action 0,Action 1,Action 2,Action 3,Action 4,Action 5,Action 6,Action 7,Action 8,Action Taken 0,A T 1,A T 2,A T 3,A T 4,A T 5,A T 6,A T 7,A T 8
,state,0.0,0.0,-0.00555,-0.00915,-0.00597,0.03649,-0.00907,-0.00505,-0.00484,0.02276,-0.00648,0.0,0.0,0.0,1.0,0.0,0.0,0.0,4.0,0.0
,state,0.0,4.0,-0.00169,-0.02692,-0.00753,-0.00772,-0.00631,-0.00456,-0.00486,-0.00911,-0.00714,0.0,2.0,0.0,0.0,0.0,0.0,0.0,0.0,0.0
,state,0.0,20.0,-0.27699,-0.0005,-0.00259,-0.00997,-0.00693,-0.00297,-0.00385,-0.00122,-0.00057,4.0,0.0,0.0,0.0,0.0,0.0,0.0,0.0,0.0
,state,0.0,41.0,-0.00628,-0.0875,-0.00545,-0.00942,-0.00489,-0.00617,-0.08739,-0.0089,-0.08577,0.0,1.0,0.0,0.0,0.0,0.0,1.0,0.0,1.0
,state,1.0,0.0,0.03176,0.0,0.0,0.06066,0.0,0.06284,0.0,0.0,0.0,7.0,0.0,0.0,1.0,1.0,1.0,0.0,0.0,0.0
,state,1.0,4.0,-0.00789,-0.00393,-0.00196,-0.00639,-0.05165,-0.00315,-0.0039,-0.0025,-0.00326,0.0,0.0,0.0,0.0,1.0,0.0,0.0,0.0,0.0
,state,1.0,20.0,-0.00647,-0.00236,-0.00443,-0.00067,0.10483,0.05971,-0.00656,-0.00852,-0.00231,0.0,0.0,0.0,0.0,4.0,1.0,0.0,0.0,1.0
,state,2.0,4.0,-0.0016,0.22692,-0.00412,-0.0094,-0.00852,-0.00151,-0.00607,-0.00565,-0.00132,0.0,2.0,0.0,0.0,0.0,0.0,0.0,0.0,0.0
